{
  "test_summary": {
    "test_cases": [
      "generated",
      "test1"
    ],
    "test_angle": 180,
    "max_distance": 150,
    "shadow_vector": [
      -2.7554552980815446e-14,
      150.0
    ]
  },
  "comparison": {
    "generated": {
      "v1": {
        "max": 0.6034230589866638,
        "pixels": 160000,
        "mean": 0.09717177599668503,
        "shape": [
          400,
          400
        ]
      },
      "v2": {
        "max": 0.8451017737388611,
        "pixels": 33813,
        "mean": 0.7455408573150635,
        "shape": [
          400,
          400
        ]
      },
      "v3": {
        "max": 0.8116826415061951,
        "pixels": 12800,
        "mean": 0.5150871276855469,
        "shape": [
          400,
          400
        ]
      }
    },
    "test1": {
      "v1": {
        "max": 0.5754115581512451,
        "pixels": 1037355,
        "mean": 0.0713626816868782,
        "shape": [
          896,
          1161
        ]
      },
      "v2": {
        "max": 0.8451017737388611,
        "pixels": 68512,
        "mean": 0.7791463136672974,
        "shape": [
          896,
          1161
        ]
      },
      "v3": {
        "max": 0.79720538854599,
        "pixels": 16623,
        "mean": 0.44382137060165405,
        "shape": [
          896,
          1161
        ]
      }
    }
  }
}