{
  "test_summary": {
    "test_cases": [
      "generated",
      "test1",
      "test2"
    ],
    "test_angle": 180,
    "max_distance": 150,
    "shadow_vector": [
      -2.7554552980815446e-14,
      150.0
    ]
  },
  "comparison": {
    "generated": {
      "v1": {
        "max": 0.6034230589866638,
        "pixels": 160000,
        "mean": 0.09717177599668503,
        "shape": [
          400,
          400
        ]
      },
      "v2": {
        "max": 0.8451017737388611,
        "pixels": 33813,
        "mean": 0.7455408573150635,
        "shape": [
          400,
          400
        ]
      }
    },
    "test1": {
      "v1": {
        "max": 0.5754115581512451,
        "pixels": 1037355,
        "mean": 0.0713626816868782,
        "shape": [
          896,
          1161
        ]
      },
      "v2": {
        "max": 0.8451017737388611,
        "pixels": 68512,
        "mean": 0.7791463136672974,
        "shape": [
          896,
          1161
        ]
      }
    },
    "test2": {
      "v1": {
        "max": 0.5678701400756836,
        "pixels": 34265433,
        "mean": 0.06073831394314766,
        "shape": [
          4961,
          7016
        ]
      },
      "v2": {
        "max": 0.8451017737388611,
        "pixels": 807386,
        "mean": 0.7575057148933411,
        "shape": [
          4961,
          7016
        ]
      }
    }
  }
}